{"l0p0":1132.838986296,"l0p1":411.4249045179,"l0p2":189.5132329709,"l0p3":-226.4349598171,"l0p4":612.570331614,"l0p5":-360.7719718048,"l0p6":7818.9089939366,"l0p7":-334.305244896,"l0p8":-269.1856421403,"l0p9":15151.4509631341,"l1p0":-380.9579101494,"l1p1":-1409.234420083,"l1p2":-976.2083819203,"l1p3":959.2744706787,"l1p4":-327.8588563227,"l1p5":2668.5380097904,"l1p6":-54703.8712991806,"l1p7":114.4298571414,"l1p8":865.1346057173,"l1p9":-46354.9187842136,"l2p0":-1509.5583443695,"l2p1":-892.7597870605,"l2p2":-161.1088941498,"l2p3":1063.4048805519,"l2p4":939.6457023232,"l2p5":1183.8464487454,"l2p6":-44466.3292510054,"l2p7":325.1035493462,"l2p8":1350.9341924126,"l2p9":4864.8188543337,"l3p0":-829.9854995902,"l3p1":-297.6453872772,"l3p2":275.5867154539,"l3p3":-945.7098965968,"l3p4":746.3141773491,"l3p5":-986.8557478623,"l3p6":-37903.1960915495,"l3p7":220.6789000043,"l3p8":-403.7328882681,"l3p9":-8452.2509242485,"l4p0":-81.6080993562,"l4p1":316.4110021388,"l4p2":375.712067606,"l4p3":-28.6092776967,"l4p4":776.1277059485,"l4p5":-1166.2583540588,"l4p6":-16288.5866381884,"l4p7":150.0238396618,"l4p8":-703.6828685169,"l4p9":-10711.7182491114,"l5p0":781.1091361033,"l5p1":195.9030669419,"l5p2":-340.3185017717,"l5p3":-1341.9281777243,"l5p4":-59.5791926097,"l5p5":-2571.1443183236,"l5p6":-24920.5158886981,"l5p7":493.9849956618,"l5p8":78.6265415192,"l5p9":82831.9685602901,"l6p0":-216.6123548308,"l6p1":-838.5087881621,"l6p2":-584.0627718199,"l6p3":89.3777962012,"l6p4":-1321.5239906931,"l6p5":127.808732973,"l6p6":-17554.0053694178,"l6p7":-120.6250041085,"l6p8":-196.234182584,"l6p9":48818.2397582286}